<?xml version="1.0" encoding="UTF-8"?>
<project-private xmlns="http://www.netbeans.org/ns/project-private/1">
    <editor-bookmarks xmlns="http://www.netbeans.org/ns/editor-bookmarks/2" lastBookmarkId="0"/>
    <open-files xmlns="http://www.netbeans.org/ns/projectui-open-files/2">
        <group>
            <file>file:/C:/Users/Dell/OneDrive/Documents/NetBeansProjects/Hotel%20Management%20System/src/hotel/management/system/HotelManagementSystem.java</file>
            <file>file:/C:/Users/Dell/OneDrive/Documents/NetBeansProjects/Hotel%20Management%20System/src/hotel/management/system/AddCustomer.java</file>
            <file>file:/C:/Users/Dell/OneDrive/Documents/NetBeansProjects/Hotel%20Management%20System/src/hotel/management/system/Reception.java</file>
            <file>file:/C:/Users/Dell/OneDrive/Documents/NetBeansProjects/Hotel%20Management%20System/src/hotel/management/system/EmployeeInfo.java</file>
        </group>
    </open-files>
</project-private>
